{"cameraMode":{"drawMode":0,"name":"Shaded","section":"Shading Mode"},"sceneLighting":true,"audioPlay":false,"sceneViewState":{"showFog":true,"showMaterialUpdate":false,"showSkybox":true,"showFlares":true,"showImageEffects":true,"showParticleSystems":true},"in2DMode":false,"pivot":{"x":6.327439308166504,"y":3.894753932952881,"z":69.90660095214844},"rotation":{"x":-0.11340396851301193,"y":0.3250772953033447,"z":-0.039299894124269488,"w":-0.9380404353141785},"size":23.608346939086915,"orthographic":false}